Diecast Manufacturer,Car Company,Car Model,Region,Image URL
Aldi Play,Aldi,Aldi Truck,Europe,
Almost Real,BMW,M3 GTR,Europe,
Auto World,Chevy,Camaro,USA,
Auto World,Ford,Mustang Mach 1,USA,
Maisto,Ferrari,SF24 Formula 1,Europe,
Maisto,Red Bull,Formula 1,Europe,
HW Mainline,Aston Martin,Vantage GT3,Europe,
HW Mainline,Batman,Arkham Knight Batmobile,Fantasy,
HW Mainline,Bentley,Continental GT3,Europe,
HW Mainline,BMW,635 Something,Europe,
HW Mainline,Buggati,EB110,Europe,
HW Mainline,Cadillac,Custom 53,USA,
HW Mainline,Cadillac,GTP Hypercar,USA,
HW Mainline,Chevy,18 Copo Camaro SS,USA,
HW Mainline,Chevy,El Camino,USA,
HW Mainline,DMC,Delorean,USA,
HW Mainline,Dodge,Charger Hellcat,USA,
HW Mainline,Dodge,Viper GTS (96) Yellow,USA,
HW Mainline,Dodge,Viper Old,USA,
HW Mainline,Fantasy,Carbonator,Fantasy,
HW Mainline,Fantasy,Feline Lucky,Fantasy,
HW Mainline,Fantasy,Mario kart,Fantasy,
HW Mainline,Fantasy,Monopoly Pass n Go,Fantasy,
HW Mainline,Fantasy,Raijin Express (Cat),Fantasy,
HW Mainline,Ferrari,365 Red,Europe,
HW Mainline,Ferrari,F40 Red,Europe,
HW Mainline,Fiat,Beast of Turin,Europe,
HW Mainline,Ford,150 Lightning,USA,
HW Mainline,Ford,Bronco (New),USA,
HW Mainline,Ford,F150 Lightning Supertruck,USA,
HW Mainline,Ford,Mustang GTD,USA,
HW Mainline,Ford,RS200,USA,
HW Mainline,Ford,Sierra Cosworth,USA,
HW Mainline,GMA,T.33,Europe,
HW Mainline,GMA,T.50s,Europe,
HW Mainline,Honda,Civic Type r (18 Police),Japan,
HW Mainline,Honda,Motocompo,Japan,
HW Mainline,Honda,Prelude,Japan,
HW Mainline,Kia,EV6,Korea,
HW Mainline,Koenigsegg,Jesko,Europe,
HW Mainline,Legends Tour,La Libre,Fantasy,
HW Mainline,Mazda,MX5 Miata LEGENDS,Japan,
HW Mainline,Mclaren,W1,Europe,
HW Mainline,McMurtry,Spierling,Europe,
HW Mainline,Mercedes,Formula 1,Europe,
HW Mainline,Nissan,Fairlady Z - Police,Japan,
HW Mainline,Nissan,R33 Open,Japan,
HW Mainline,Nissan,Skyline 2000gtr Lb - TOONED,Japan,
HW Mainline,Pagani,Huayra Roadster (Zamac),Europe,
HW Mainline,Pagani,Zonda Cinque - TOONED,Europe,
HW Mainline,Plymouth,Superbird,USA,
HW Mainline,Pontiac,Aztec (Walter White),USA,
HW Mainline,Pontiac,Firebird (OLD Flea Market),USA,
HW Mainline,Porsche,904 Carrera GTS,Europe,
HW Mainline,Porsche,911 Cabriolet,Europe,
HW Mainline,Porsche,911 Carrera Clip - Blue,Europe,
HW Mainline,Porsche,911 Carrera Clip - Red,Europe,
HW Mainline,Porsche,911 Carrera RS 2.7,Europe,
HW Mainline,Porsche,Taycan Turbo S,Europe,
HW Mainline,Shelby,GT500 Old,USA,
HW Mainline,Toyota,GR86 Cup,Japan,
HW Mainline,Toyota,Supra (Old Gen 2?),Japan,
HW Mainline,Vespa,Scooter,Europe,
HW Mainline,Volkswagen,Baja Bug,Europe,
HW Mainline,Volkswagen,Beetle Pickup - Mooneyes,Europe,
HW Mainline,Volswagen,T2 Pickup,Europe,
HW MultiPack,Alpine Bwt,Formula 1,Europe,
HW MultiPack,Aston Martin,Vulcan,Europe,
HW MultiPack,Ferrari,SF90 Stradale Maroon,Europe,
HW MultiPack,Ford,GT 17,USA,
HW MultiPack,Haas,F1,USA,
HW MultiPack,Kick,Sauber F1,Europe,
HW MultiPack,Lamborghini,Huracan,Europe,
HW MultiPack,Lotus,Evija,Europe,
HW MultiPack,Mclaren,Formula 1,Europe,
HW MultiPack,Red Bull,Blue Visa,Europe,
HW MultiPack,Mario,Tanooki and Toads,Fantasy,
HW MultiPack,Fast and Furious,Brians Supra,,
HW MultiPack,Fast and Furious,Mustang,,
HW MultiPack,Fast and Furious,DB5,,
HW MultiPack,Fast and Furious,Dodge,,
HW MultiPack,Fast and Furious,Dodge 2,,
HW MultiPack,Fast and Furious,Porsche 911,,
HW MultiPack,Fast and Furious,Chevelle,,
HW MultiPack,Fast and Furious,,,
HW MultiPack,Fast and Furious,,,
HW MultiPack,Fast and Furious,,,
HW Silver,Acura,Integra Sedan GSR,Japan,
HW Mutli-Pack,Aston Martin,DB10,Europe,
HW Mutli-Pack,Audi,R8 Spyder,Europe,
HW Mutli-Pack,BMW,Bmw 2002,Europe,
HW Mutli-Pack,Jaguar,2020 F-Type,Europe,
HW Silver,Mazda,RX7 Pandem,Japan,
HW Mutli-Pack,Mercedes,Benz A Class 19,Europe,
HW Silver,Mitsubishi,3000GT VR-4,Japan,
HW Silver,Nissan,2023 Z,Japan,
HW Mutli-Pack,Porsche,934 Turbo RSR,Europe,
HW Silver,Subaru,Pandem BRZ,Japan,
HW Silver,Toyota,GR Supra 2021,Japan,
HW Elite 64,Aston Martin,Valkyrie,Europe,
HW Elite 64,BMW,316i Touring,Europe,
HW Elite 64,BMW,M3 Touring,Europe,
HW Elite 64,Buggati,VINTAGE CAR,Europe,
HW Elite 64,Mclaren,M6GT,Europe,
HW Elite 64,Porsche,928 Safari,Europe,
HW Elite 64,Porsche,Penske 963,Europe,
HW Elite 64,Toyota,AE 86 Turn14,Japan,
HW Elite 64,Toyota,Hilux Stadium Pickup,Japan,
HW Silver,Acura,2017 NSX,Japan,
HW Silver,Chevy,Corvette Racer,USA,
HW Silver,Ford,Mustang 65 Fastback,USA,
HW Silver,Mazda,Miata Arizona Tea,Japan,
HW Silver,Mitsubishi,Lancer Evo (2008),Japan,
HW Silver,Nissan,Fairlady Z,Japan,
HW Premium,Alfa Romeo,GTV6 3.0,Europe,
HW Premium,Automobili,Pininfarina Battista,Europe,
HW Premium,Ferrari,F50,Europe,
HW Premium,Ferrari,LaFerrari,Europe,
HW Premium,Ford,GT,USA,
HW Premium,Lamborghini,Veneno,Europe,
HW Premium,Lexus,LFA,Japan,
HW Premium,Mazda,Mad Mike RX3,Japan,
HW Premium,Mclaren,720S,Europe,
HW Premium,Mclaren,Forumla 1,Europe,
HW Premium,Mclaren,Solus GT,Europe,
HW Premium,Mitsubishi,Lancer Evo IX,Japan,
HW Premium,Nissan,R34,Japan,
HW Premium,Pagani,Zonda R,Europe,
HW Premium,Porsche,911 GT3,Europe,
HW Premium,Porsche,917KH,Europe,
HW Premium,Porsche,Carrera GT,Europe,
HW Premium,Red Bull,Formula 1,Europe,
HW Other,Transformers,Optimus Prime,Fantasy,
Inno64,Ferrari LBWK,F40,Europe,
Inno64,Nissan,LBWK R35 Carbon,Japan,
Kaido House,BMW,M3 7 Eleven,Europe,
Kaido House,BMW,M3 E30,Europe,
Kaido House,Datsun,510 Pro Street,Japan,
Kaido House,Honda,Civic EF Kanjo,Japan,
Kaido House,Honda,NSX ,Japan,
Kaido House,Nissan,2000 Gt,Japan,
Kaido House,Nissan,R33 HKS,Japan,
Kaido House,Nissan,R34 Grasshopper,Japan,
Kaido House,Toyota,AE86 Trueno,Japan,
M2,Shelby,1966 GT350 Gasser,USA,
Maisto,Ferrari,SF90 Stradale,Europe,
Maisto,Lamborghini,Sian FKP,Europe,
Majorette,BMW,3.0 CSL,Europe,
Majorette,Buggati,Veyron,Europe,
Majorette,Chevy,Corvette C6,USA,
Majorette,Ford,GT40 Mk1,USA,
Majorette,Porsche,55 550 Spyder,Europe,
Majorette,Porsche,930 Turbo,Europe,
Matchbox,Mazda,RX8 2004,Japan,
Mini GT,Aston Martin,DBS,Europe,
Mini GT,Buggati,Bolide,Europe,
Mini GT,Chevy,Z06 Corvette IMSA,USA,
Mini GT,Lamborghini,LBWK Countach,Europe,
Mini GT,Mazda,Eunos Roadster V-Special,Japan,
Mini GT,Mazda,RX7 LBWK,Japan,
Mini GT,Mazda,RX7 Reamemiya D1GP,Japan,
Mini GT,Mclaren,F1 GTR,Europe,
Mini GT,Mclaren,MP4/4 Prost,Europe,
Mini GT,Mercedes,Senna 190E,Europe,
Mini GT,Nissan,LBWK R34,Japan,
Mini GT,Nissan,R35 2024,Japan,
Mini GT,Nissan,S15 LBWK,Japan,
Mini GT,Nissan,Z Veilside,Japan,
Mini GT,Porsche,911 Carrera RS 2.7,Europe,
Mini GT,Porsche,911 Carrera S,Europe,
Mini GT,Porsche,911 Dakar,Europe,
Mini GT,Porsche,GT3 RS New,Europe,
Mini GT,Porsche,ROXY,Europe,
Mini GT,Porsche,Skeleton Rexy,Europe,
Mini GT,Shelby,GT500 Dragon Snake,USA,
Mini GT,Toyota,Supra A90 LBWK,Japan,
Mini GT,Toyota,Supra Fast and Furious,Japan,
Mini GT,Toyota,Supra Top Secret,Japan,
Model Model,Porsche,RWB 993,Europe,
Para64,Ruf,CTR 2 Yellowbird,Europe,
Pop Race,Datsun,Pandem Datsun 620,Japan,
Pop Race,Mazda,797B,Japan,
Pop Race,Nissan,R32 Godzilla,Japan,
Pop Race,Nissan,Silvia S13 Pandem EVA,Japan,
Pop Race,Toyota,Yaris Eva-R,Japan,
Tarmac Works,Datsun,510 Wagon - Ohige No Pon,Japan,
Tarmac Works,Koenigsegg,Agera Rs,Europe,
Tarmac Works,Audi,R8 Kuromi,Europe,
Time Micro,Mazda,RX7 Veilside,Japan,
Tomica,Fantasy,Pokemon Pikachu Bus,Fantasy,
Tomica,Honda,NSX Type S,Japan,
Tomica,Nissan,Skyline Turbo Silhouette,Japan,
Trends Hobby,Porsche,911 GT3 R Lemans,Europe,
Union Connector,Dodge,Nascar 75th Anni Car,USA,
